Ref,Val,Package,PosX,PosY,Rot,Side
"U1","3.5mm_C18594","C18594",21.950000,6.550000,-90.000000,top
"U2","3.5mm_C18594","C18594",7.050000,6.430000,90.000000,top
